{
  "assignVariables": [
    {
      "collectionVariables": [
        {
          "name": "account_id",
          "responseBodyProp": "id"
        },
        {
          "name": "account_number",
          "requestBodyProp": "number"
        },
        {
          "name": "account_type",
          "requestBodyProp": "accountType"
        },
        {
          "name": "account_rtn",
          "requestBodyProp": "alternateIdentifiers[0].id"
        }
      ],
      "openApiOperationIds": [
        "put-accounts",
        "supplier-banking-put-accounts"
      ]
    }
  ],
  "globals": {
    "collectionPreRequestScripts": [
      "var atob = require(\"atob\");",
      "var btoa = require(\"btoa\");",
      "",
      "/*",
      "HANDLE CLIENT_CREDENTIALS TOKEN RENEWAL",
      "*/",
      "var issuedAt = new Date(2010, 1, 1);",
      "var tokenTimestamp = pm.environment.get(\"client_credentials_token_issued_at\");",
      "if (tokenTimestamp) {",
      "    issuedAt = Date.parse(tokenTimestamp);",
      "}",
      "",
      "// Access tokens expire in 1 hour for test apps",
      "// https://dev.azure.com/F-DC/Digital%20Nexus/_wiki/wikis/architecture/609/Authentication-and-Authorization-for-Tests",
      "var expiresIn = pm.environment.get(\"client_credentials_expires_in\");",
      "if (!expiresIn) {",
      "    expiresIn = 3600000;",
      "}",
      "",
      "if ((new Date() - issuedAt) >= expiresIn) {",
      "    var tokenEndpoint = pm.environment.get(\"endpoint_token\");",
      "    if (tokenEndpoint && tokenEndpoint.startsWith(\"https\")) {",
      "        // There's a token endpoint so request a \"real token.\"",
      "",
      "        var clientId = pm.environment.get(\"CLIENT_ID\");",
      "        var clientSecret = pm.environment.get(\"CLIENT_SECRET\");",
      "        var header = \"Basic \" + btoa(clientId + \":\" + clientSecret);",
      "",
      "        pm.sendRequest({",
      "            url: tokenEndpoint,",
      "            method: 'POST',",
      "            header: {",
      "                'Accept': 'application/json;charset=utf-8',",
      "                'Content-Type': 'application/x-www-form-urlencoded',",
      "                'Authorization': header",
      "            },",
      "            body: {",
      "                mode: 'urlencoded',",
      "                urlencoded: [",
      "                    {",
      "                        key: \"grant_type\",",
      "                        value: \"client_credentials\",",
      "                        disabled: false,",
      "                        description: {",
      "                            content: \"OAuth2 grant type for token request.\",",
      "                            type: \"text/plain\"",
      "                        }",
      "                    }",
      "                ]",
      "            }",
      "        }, function (err, res) {",
      "            if (err) {",
      "                throw new Error(\"Unable to retrieve token: \" + err);",
      "            }",
      "",
      "            var json = res.json();",
      "            if (json.error || !json.access_token) {",
      "                throw new Error(\"Unable to retrieve token: \" + JSON.stringify(json));",
      "            }",
      "",
      "            else {",
      "                pm.environment.set(\"client_credentials_access_token\", json.access_token);",
      "                pm.environment.set(\"client_credentials_token_issued_at\", new Date());",
      "                if (json.expires_in) {",
      "                    expiresIn = json.expires_in * 1000;",
      "                }",
      "                pm.environment.set(\"client_credentials_expires_in\", expiresIn);",
      "                var payload = JSON.parse(atob(json.access_token.split(\".\")[1]));",
      "                pm.environment.set(\"tenantId\", payload.tid);",
      "            }",
      "        });",
      "    }",
      "    else {",
      "        // No token endpoint defined - log and create a \"fake token\" for local dev.",
      "        // The 'real token' will be client_credentials so fake that here, too. No subject claim.",
      "        // We trim all padding = signs because that's spec.",
      "        console.info(\"No token endpoint defined - creating a fake token for use in local dev.\");",
      "        var iat = new Date().valueOf();",
      "        var header = btoa(JSON.stringify({ \"alg\": \"none\" })).replace(/=*$/, '');",
      "        var payload = btoa(JSON.stringify({",
      "            \"iss\": \"postman\",",
      "            \"iat\": iat,",
      "            \"exp\": iat + expiresIn,",
      "            \"client_id\": \"local-test-app\",",
      "            \"tid\": \"local-test-tenant\",",
      "        })).replace(/=*$/, '');",
      "        var jwt = header + \".\" + payload + \".\";",
      "        console.info(\"Fake token: \" + jwt);",
      "        pm.environment.set(\"client_credentials_access_token\", jwt);",
      "        pm.environment.set(\"client_credentials_token_issued_at\", iat);",
      "        pm.environment.set(\"client_credentials_expires_in\", expiresIn);",
      "        pm.environment.set(\"tenantId\", \"local-test-tenant\");",
      "    }",
      "}"
    ],
    "securityOverwrites": {
      "bearer": {
        "token": "{{client_credentials_access_token}}"
      }
    },
    "stripResponseExamples": true
  },
  "overwrites": [
    {
      "openApiOperation": "*::/*",
      "overwriteRequestHeaders": [
        {
          "key": "Authorization",
          "overwrite": true,
          "value": "Bearer {{client_credentials_access_token}}"
        }
      ],
      "overwriteRequestPathVariables": [
        {
          "key": "id",
          "overwrite": true,
          "value": "{{account_id}}"
        }
      ]
    },
    {
      "openApiOperationIds": [
        "get-accounts",
        "consumer-banking-get-accounts"
      ],
      "overwriteRequestQueryParams": [
        {
          "key": "userId",
          "overwrite": true,
          "value": "local-test-user"
        }
      ]
    },
    {
      "openApiOperationIds": [
        "get-accounts-by-id",
        "get-balances-by-account",
        "get-products-by-account",
        "get-transactions-by-account",
        "post-accounts-search",
        "consumer-banking-get-accounts-by-id",
        "consumer-banking-get-balances-by-account",
        "consumer-banking-get-products-by-account",
        "consumer-banking-get-transactions-by-account",
        "supplier-banking-post-accounts-search"
      ],
      "overwriteRequestQueryParams": [
        {
          "key": "userId",
          "remove": true
        }
      ]
    },
    {
      "openApiOperationIds": [
        "put-accounts",
        "supplier-banking-put-accounts"
      ],
      "overwriteRequestBody": [
        {
          "key": "alternateIdentifiers",
          "overwrite": true,
          "value": [
            {
              "id": "120220330",
              "scheme": "RTN"
            }
          ]
        }
      ]
    },
    {
      "openApiOperationIds": [
        "post-accounts-search",
        "put-accounts-by-id",
        "supplier-banking-post-accounts-search",
        "supplier-banking-put-accounts-by-id"
      ],
      "overwriteRequestBody": [
        {
          "key": "accountType",
          "overwrite": true,
          "value": "{{account_type}}"
        },
        {
          "key": "alternateIdentifiers",
          "overwrite": true,
          "value": [
            {
              "id": "{{account_rtn}}",
              "scheme": "RTN"
            }
          ]
        },
        {
          "key": "number",
          "overwrite": true,
          "value": "{{account_number}}"
        }
      ]
    }
  ],
  "tests": {
    "contractTests": [
      {
        "contentType": {
          "enabled": true
        },
        "headersPresent": {
          "enabled": true
        },
        "jsonBody": {
          "enabled": true
        },
        "openApiOperation": "*::/*",
        "schemaValidation": {
          "enabled": true
        },
        "statusSuccess": {
          "enabled": true
        }
      }
    ],
    "variationTests": [
      {
        "excludeForOperations": [
          "post-accounts-search",
          "supplier-banking-post-accounts-search"
        ],
        "openApiOperation": "*::/*",
        "openApiResponse": "400",
        "variations": [
          {
            "fuzzing": [
              {
                "requestBody": [
                  {
                    "maxLengthFields": {
                      "enabled": true
                    },
                    "maximumNumberFields": {
                      "enabled": true
                    },
                    "minLengthFields": {
                      "enabled": true
                    },
                    "minimumNumberFields": {
                      "enabled": true
                    },
                    "requiredFields": {
                      "enabled": true
                    }
                  }
                ],
                "requestHeaders": [
                  {
                    "maxLengthFields": {
                      "enabled": true
                    },
                    "maximumNumberFields": {
                      "enabled": true
                    },
                    "minLengthFields": {
                      "enabled": true
                    },
                    "minimumNumberFields": {
                      "enabled": true
                    },
                    "requiredFields": {
                      "enabled": true
                    }
                  }
                ],
                "requestQueryParams": [
                  {
                    "maximumNumberFields": {
                      "enabled": true
                    },
                    "minimumNumberFields": {
                      "enabled": true
                    },
                    "requiredFields": {
                      "enabled": true
                    }
                  }
                ]
              }
            ],
            "name": "400 - Validation",
            "tests": {
              "contractTests": [
                {
                  "contentType": {
                    "enabled": true
                  },
                  "headersPresent": {
                    "enabled": true
                  },
                  "jsonBody": {
                    "enabled": true
                  },
                  "schemaValidation": {
                    "enabled": true
                  },
                  "statusCode": {
                    "enabled": true
                  }
                }
              ]
            }
          }
        ]
      },
      {
        "openApiOperationIds": [
          "get-accounts",
          "consumer-banking-get-accounts"
        ],
        "openApiResponse": "400",
        "variations": [
          {
            "name": "400 - No User Context",
            "overwrites": [
              {
                "overwriteRequestQueryParams": [
                  {
                    "key": "userId",
                    "remove": true
                  }
                ]
              }
            ],
            "tests": {
              "contractTests": [
                {
                  "contentType": {
                    "enabled": true
                  },
                  "headersPresent": {
                    "enabled": true
                  },
                  "jsonBody": {
                    "enabled": true
                  },
                  "schemaValidation": {
                    "enabled": true
                  },
                  "statusCode": {
                    "enabled": true
                  }
                }
              ]
            }
          }
        ]
      },
      {
        "openApiOperationIds": [
          "post-accounts-search",
          "supplier-banking-post-accounts-search"
        ],
        "openApiResponse": "400",
        "variations": [
          {
            "fuzzing": [
              {
                "requestHeaders": [
                  {
                    "maxLengthFields": {
                      "enabled": true
                    },
                    "maximumNumberFields": {
                      "enabled": true
                    },
                    "minLengthFields": {
                      "enabled": true
                    },
                    "minimumNumberFields": {
                      "enabled": true
                    },
                    "requiredFields": {
                      "enabled": true
                    }
                  }
                ],
                "requestQueryParams": [
                  {
                    "maximumNumberFields": {
                      "enabled": true
                    },
                    "minimumNumberFields": {
                      "enabled": true
                    },
                    "requiredFields": {
                      "enabled": true
                    }
                  }
                ]
              }
            ],
            "name": "400 - Search",
            "tests": {
              "contractTests": [
                {
                  "contentType": {
                    "enabled": true
                  },
                  "headersPresent": {
                    "enabled": true
                  },
                  "jsonBody": {
                    "enabled": true
                  },
                  "schemaValidation": {
                    "enabled": true
                  },
                  "statusCode": {
                    "enabled": true
                  }
                }
              ]
            }
          }
        ]
      }
    ]
  },
  "version": 1
}
