{
	"id": "12caee51-fbad-4d98-baa3-8071335c28a3",
	"name": "banking/v1/accounts",
	"values": [
		{
			"key": "CLIENT_ID",
			"value": "LEAVE EMPTY IN DEVELOPMENT",
			"enabled": true
		},
		{
			"key": "CLIENT_SECRET",
			"value": "LEAVE EMPTY IN DEVELOPMENT",
			"enabled": true
		},
		{
			"key": "endpoint_token",
			"value": "LEAVE EMPTY IN DEVELOPMENT",
			"enabled": true
		},
		{
			"key": "client_credentials_access_token",
			"value": "SET IN PRE-REQUEST SCRIPT",
			"enabled": true
		},
		{
			"key": "client_credentials_expires_in",
			"value": "",
			"enabled": true
		},
		{
			"key": "client_credentials_token_issued_at",
			"value": "",
			"enabled": true
		},
		{
			"key": "tenantId",
			"value": "SET IN PRE-REQUEST SCRIPT",
			"enabled": true
		}
	],
	"_postman_variable_scope": "environment",
	"_postman_exported_at": "2022-06-21T13:27:00Z",
	"_postman_exported_using": "Postman/8.2.3"
}
