{
  "components": {
    "responses": {
      "400badrequest": {
        "description": "The request could not be processed by the server. This may be due to malformed syntax or a semantic error (e.g., they failed validation for length, range, etc.). Check your parameters and retry."
      },
      "400missingusercontext": {
        "description": "When calling the operation as an application (i.e., not as an authenticated user), you must specify the user parameter. If you don't, the operation has no context and won't function. Check your parameters and retry."
      },
      "401unauthorized": {
        "description": "The client has not authenticated to perform the operation."
      },
      "403forbidden": {
        "description": "The authenticated client is not authorized to perform the operation."
      },
      "404notfound": {
        "description": "The server has not found a resource matching the request URI. The resource may no longer be available or the resource identifier(s) were incorrect."
      }
    },
    "schemas": {
      "accountBase": {
        "description": "Common properties that make up a financial account. Requests and responses for accounts share these values but have different requirements like whether the object has an ID or a masked/plaintext account number.",
        "properties": {
          "accountType": {
            "$ref": "#/components/schemas/accountType"
          },
          "alternateIdentifiers": {
            "description": "Alternate means of identifying the account like IBAN, BBAN, or routing number (RTN). Not all of these uniquely identify this specific account; they may be secondary identifiers like the financial institution routing number.",
            "items": {
              "nullable": false,
              "properties": {
                "id": {
                  "description": "The value of the alternate identifier. This may be the routing number or alternate bank account number.",
                  "example": "120220330",
                  "maxLength": 100,
                  "minLength": 1,
                  "type": "string"
                },
                "scheme": {
                  "description": "The type of identifier described by this entity. The list of well-known schemes should be published externally.",
                  "example": "RTN",
                  "maxLength": 50,
                  "minLength": 1,
                  "type": "string"
                }
              },
              "required": [
                "id",
                "scheme"
              ],
              "type": "object"
            },
            "type": "array"
          },
          "asset": {
            "description": "Indicates whether this account is considered an asset (e.g., checking, savings) or a liability (e.g., loan).",
            "example": true,
            "type": "boolean"
          },
          "closeDateTime": {
            "description": "Date on which the account and related basic services effectively end for the account owner.",
            "example": "2020-06-02T00:00:00Z",
            "format": "date-time",
            "nullable": true,
            "type": "string"
          },
          "currency": {
            "$ref": "#/components/schemas/currencyCode"
          },
          "description": {
            "description": "A human-readable description of the account assigned by the account provider. This field is not localized.",
            "example": "Free Checking for the Super-Duper Club",
            "maxLength": 50,
            "minLength": 1,
            "type": "string"
          },
          "openDateTime": {
            "description": "Date on which the account and related basic services are effectively operational for the account owner.",
            "example": "2000-01-19T00:00:00Z",
            "format": "date-time",
            "nullable": true,
            "type": "string"
          },
          "status": {
            "description": "Status of the account resource.",
            "enum": [
              "active",
              "inactive"
            ],
            "example": "active",
            "type": "string"
          }
        },
        "type": "object"
      },
      "accountId": {
        "description": "A unique and immutable identifier used to identify the account resource. This identifier has no meaning to the account owner.",
        "example": "89a5503947a755929cd3c03fee28e8c5822f8428466f7212aa4f2be529b062e4",
        "maxLength": 128,
        "minLength": 1,
        "type": "string"
      },
      "accountNumberMasked": {
        "description": "The masked account number.",
        "example": "*1746",
        "maxLength": 16,
        "minLength": 1,
        "type": "string"
      },
      "accountNumberPlain": {
        "description": "The unmasked account number.",
        "example": "11293846231746",
        "maxLength": 64,
        "minLength": 1,
        "type": "string"
      },
      "accountResponse": {
        "allOf": [
          {
            "$ref": "#/components/schemas/accountBase"
          },
          {
            "properties": {
              "id": {
                "$ref": "#/components/schemas/accountId"
              },
              "number": {
                "$ref": "#/components/schemas/accountNumberMasked"
              }
            },
            "required": [
              "accountType",
              "asset",
              "currency",
              "id",
              "number",
              "status"
            ]
          }
        ],
        "description": "Details for a financial account that is linked in the system."
      },
      "accountSearch": {
        "allOf": [
          {
            "$ref": "#/components/schemas/accountBase"
          },
          {
            "properties": {
              "number": {
                "$ref": "#/components/schemas/accountNumberPlain"
              }
            }
          }
        ],
        "description": "Search criteria for an account to locate in the system."
      },
      "accountType": {
        "description": "OFX account type for use in account identification and general categorization.",
        "enum": [
          "CD",
          "CHECKING",
          "CREDITLINE",
          "MONEYMRKT",
          "SAVINGS"
        ],
        "example": "CHECKING",
        "type": "string"
      },
      "accountUpsert": {
        "allOf": [
          {
            "$ref": "#/components/schemas/accountBase"
          },
          {
            "properties": {
              "number": {
                "$ref": "#/components/schemas/accountNumberPlain"
              }
            }
          }
        ],
        "description": "Details for a financial account that needs to be updated and/or linked in the system.",
        "required": [
          "accountType",
          "asset",
          "currency",
          "number",
          "status"
        ]
      },
      "amount": {
        "additionalProperties": false,
        "description": "The amount of money associated with a balance or transaction.",
        "properties": {
          "currency": {
            "$ref": "#/components/schemas/currencyCode"
          },
          "value": {
            "description": "A number of monetary units specified in an active currency where the unit of currency is explicit and compliant with ISO 4217.",
            "example": 10034.66,
            "type": "number"
          }
        },
        "required": [
          "currency",
          "value"
        ],
        "type": "object"
      },
      "balance": {
        "description": "Details of a balance associated with an account.",
        "properties": {
          "accountId": {
            "$ref": "#/components/schemas/accountId"
          },
          "amount": {
            "$ref": "#/components/schemas/amount"
          },
          "dateTime": {
            "description": "The date and time when the balance was current; the 'as-of' date.",
            "example": "2020-03-17T08:00:04Z",
            "format": "date-time",
            "type": "string"
          },
          "type": {
            "$ref": "#/components/schemas/balanceType"
          }
        },
        "required": [
          "accountId",
          "amount",
          "dateTime",
          "type"
        ],
        "type": "object"
      },
      "balanceType": {
        "description": "ISO 20022 balance type code.",
        "enum": [
          "CLAV",
          "CLBD",
          "FWAV",
          "INFO",
          "ITAV",
          "ITBD",
          "OPAV",
          "OPBD",
          "PRCD",
          "XPCD"
        ],
        "example": "CLAV",
        "type": "string"
      },
      "creditDebitIndicator": {
        "description": "Indicates whether a monetary value (balance, transaction) is a credit or a debit. A zero value is considered to be a credit.",
        "enum": [
          "debit",
          "credit"
        ],
        "example": "debit",
        "type": "string"
      },
      "currencyCode": {
        "description": "ISO 4217 currency code.",
        "example": "USD",
        "pattern": "^[A-Z]{3,3}$",
        "type": "string"
      },
      "productBase": {
        "description": "Base information defining a product code/definition related to an account. This ranges from EFX type to host product code. These doesn't identify the account proper; they identify the kind of account. Future extensions may include details about each product like interest rates for loan products. Each account may have zero or more products.",
        "properties": {
          "scheme": {
            "description": "The type of descriptor (e.g., EFX, host, product, etc.). The list of the well-known descriptor types should be documented.",
            "example": "efx",
            "maxLength": 50,
            "minLength": 1,
            "type": "string"
          },
          "value": {
            "description": "Value for the descriptor/product. For classifications like EFX, this is the EFX type; for a host product, this is the host product code.",
            "example": "CHECKING",
            "maxLength": 256,
            "minLength": 1,
            "type": "string"
          }
        },
        "required": [
          "scheme",
          "value"
        ],
        "type": "object"
      },
      "productResponse": {
        "allOf": [
          {
            "$ref": "#/components/schemas/productBase"
          },
          {
            "properties": {
              "accountId": {
                "$ref": "#/components/schemas/accountId"
              }
            }
          }
        ],
        "description": "A product code/definition that has been associated with an account. This ranges from EFX type to host product code. These doesn't identify the account proper; they identify the kind of account. Each account may have zero or more products.",
        "required": [
          "accountId"
        ]
      },
      "transaction": {
        "additionalProperties": false,
        "description": "Details for a financial transaction.",
        "properties": {
          "accountId": {
            "$ref": "#/components/schemas/accountId"
          },
          "amount": {
            "$ref": "#/components/schemas/amount"
          },
          "balance": {
            "additionalProperties": false,
            "description": "Balance representing the net increase / decrease in an account after the transaction entry is applied; the 'running balance' for the account.",
            "properties": {
              "amount": {
                "$ref": "#/components/schemas/amount"
              },
              "creditDebitIndicator": {
                "$ref": "#/components/schemas/creditDebitIndicator"
              }
            },
            "required": [
              "amount",
              "creditDebitIndicator"
            ],
            "type": "object"
          },
          "creditDebitIndicator": {
            "$ref": "#/components/schemas/creditDebitIndicator"
          },
          "customerReferenceNumber": {
            "description": "Customer reference number for the transaction. For check-based transactions, this will be the check number. Other contexts may warrant different reference numbers.",
            "example": "19882",
            "maxLength": 35,
            "minLength": 1,
            "type": "string"
          },
          "description": {
            "description": "A description of the transaction in freeform text.",
            "example": "BOOKWORM YOURWEBSITECOM 111-222-1234",
            "maxLength": 500,
            "minLength": 1,
            "type": "string"
          },
          "effectiveDateTime": {
            "description": "Date and time when a transaction entry is comes into the account servicer. Sometimes referred to as 'booking date/time.'",
            "example": "2020-05-22T00:00:00Z",
            "format": "date-time",
            "type": "string"
          },
          "id": {
            "description": "A unique and immutable identifier used to identify the transaction resource. This identifier has no meaning to the account owner.",
            "example": "7b27221b-680d-407d-842c-e4956f01e8ca",
            "maxLength": 40,
            "minLength": 1,
            "type": "string"
          },
          "postedDateTime": {
            "description": "Date and time at which assets become available to the account owner in case of a credit entry, or cease to be available to the account owner in case of a debit transaction entry. Sometimes referred to as 'value date/time.'",
            "example": "2020-05-22T00:00:00Z",
            "format": "date-time",
            "type": "string"
          },
          "status": {
            "description": "Status of a transaction entry with the account servicer.",
            "enum": [
              "pending",
              "posted"
            ],
            "type": "string"
          },
          "transactionCode": {
            "additionalProperties": false,
            "description": "ISO 20022 transaction type code.",
            "properties": {
              "code": {
                "description": "Specifies the family within a domain.",
                "example": "RCHQ",
                "maxLength": 4,
                "minLength": 1,
                "type": "string"
              },
              "domain": {
                "description": "Specifies the domain.",
                "example": "PMNT",
                "maxLength": 4,
                "minLength": 1,
                "type": "string"
              },
              "subCode": {
                "description": "Specifies the sub-product family within a specific family.",
                "example": "CCHQ",
                "maxLength": 4,
                "minLength": 1,
                "type": "string"
              }
            },
            "required": [
              "domain",
              "code",
              "subCode"
            ],
            "type": "object"
          }
        },
        "required": [
          "accountId",
          "amount",
          "creditDebitIndicator",
          "effectiveDateTime",
          "id",
          "status",
          "transactionCode"
        ],
        "type": "object"
      },
      "userId": {
        "description": "A unique and immutable identifier used to identify the user resource. This identifier has no meaning to the account owner.",
        "example": "214d9ca3-3aaf-4312-902d-03818fd0f4e6",
        "maxLength": 40,
        "minLength": 1,
        "type": "string"
      }
    },
    "securitySchemes": {
      "bearerAuth": {
        "bearerFormat": "JWT",
        "description": "DBP normalized JWT.",
        "scheme": "bearer",
        "type": "http"
      }
    }
  },
  "info": {
    "contact": {
      "email": "support@fiserv.com",
      "name": "Fiserv",
      "url": "https://fiserv.com"
    },
    "description": "Routes for retrieving account, balance, and transaction data from the accounts service.",
    "title": "Banking: Accounts",
    "version": "v1"
  },
  "openapi": "3.0.3",
  "paths": {
    "/banking/v1/accounts": {
      "get": {
        "deprecated": true,
        "description": "Gets all the accounts for a user.",
        "operationId": "get-accounts",
        "parameters": [
          {
            "description": "The user for whom accounts should be retrieved. When omitted, the operation will retrieve accounts for the authenticated user.",
            "in": "query",
            "name": "userId",
            "required": false,
            "schema": {
              "$ref": "#/components/schemas/userId"
            }
          }
        ],
        "responses": {
          "200": {
            "content": {
              "application/json": {
                "schema": {
                  "items": {
                    "$ref": "#/components/schemas/accountResponse"
                  },
                  "type": "array"
                }
              }
            },
            "description": "Successfully retrieved the set of accounts."
          },
          "400": {
            "$ref": "#/components/responses/400missingusercontext"
          },
          "401": {
            "$ref": "#/components/responses/401unauthorized"
          },
          "403": {
            "$ref": "#/components/responses/403forbidden"
          }
        },
        "tags": [
          "context-banking",
          "party-consumer",
          "resource-accounts"
        ]
      },
      "put": {
        "deprecated": true,
        "description": "Upserts an account in the system. Establishes a link between account data in an external client and account data in the service.",
        "operationId": "put-accounts",
        "requestBody": {
          "content": {
            "application/json": {
              "schema": {
                "$ref": "#/components/schemas/accountUpsert"
              }
            }
          },
          "description": "The account with all available data from the client to which a relationship should be established. The service will look at account number, account type, and other values (like RTN in the list of alternate identifiers) to try and match an account in the system. Data provided here will update/overwrite any existing data for the account that might be in the service. Do not provide the ID for the account; that will be matched and returned to you in the response."
        },
        "responses": {
          "200": {
            "content": {
              "application/json": {
                "schema": {
                  "$ref": "#/components/schemas/accountResponse"
                }
              }
            },
            "description": "Successfully created/updated the account."
          },
          "400": {
            "$ref": "#/components/responses/400badrequest"
          },
          "401": {
            "$ref": "#/components/responses/401unauthorized"
          },
          "403": {
            "$ref": "#/components/responses/403forbidden"
          },
          "422": {
            "description": "The account provided in the request didn't have enough information to uniquely identify it. For example, accounts generally need account type, account number, and a third piece like RTN. Requests must include enough information to uniquely identify the account before a mapping can be established."
          }
        },
        "tags": [
          "context-banking",
          "party-supplier",
          "resource-accounts"
        ]
      }
    },
    "/banking/v1/accounts/search": {
      "post": {
        "deprecated": true,
        "description": "Searches for accounts based on alternate identifiers and attributes.",
        "operationId": "post-accounts-search",
        "parameters": [
          {
            "description": "The user for whom accounts should be searched. When acting as an application (no user context) this parameter can be used to imply a user context and filter the set of returned accounts based on what the user is allowed to see.",
            "in": "query",
            "name": "userId",
            "required": false,
            "schema": {
              "$ref": "#/components/schemas/userId"
            }
          }
        ],
        "requestBody": {
          "content": {
            "application/json": {
              "example": {
                "accountType": "CHECKING",
                "alternateIdentifiers": [
                  {
                    "id": "120220330",
                    "scheme": "RTN"
                  }
                ],
                "number": "11293846231746"
              },
              "schema": {
                "$ref": "#/components/schemas/accountSearch"
              }
            }
          },
          "description": "Criteria for locating accounts in the system. All provided fields will be used to match over using an AND operation - more criteria means more precise matches. Generally an account can be uniquely identified by account type, account number, and a third piece like RTN. If no matches are found, the resulting array will be empty."
        },
        "responses": {
          "200": {
            "content": {
              "application/json": {
                "schema": {
                  "items": {
                    "$ref": "#/components/schemas/accountResponse"
                  },
                  "type": "array"
                }
              }
            },
            "description": "Successfully completed the search operation - zero or more found accounts returned."
          },
          "400": {
            "$ref": "#/components/responses/400badrequest"
          },
          "401": {
            "$ref": "#/components/responses/401unauthorized"
          },
          "403": {
            "$ref": "#/components/responses/403forbidden"
          }
        },
        "tags": [
          "context-banking",
          "party-supplier",
          "resource-accounts"
        ]
      }
    },
    "/banking/v1/accounts/{id}": {
      "get": {
        "deprecated": true,
        "description": "Gets a specific account by ID.",
        "operationId": "get-accounts-by-id",
        "parameters": [
          {
            "description": "The ID of the account to retrieve.",
            "in": "path",
            "name": "id",
            "required": true,
            "schema": {
              "$ref": "#/components/schemas/accountId"
            }
          },
          {
            "description": "The user for whom the account is being retrieved. When omitted, the operation will retrieve accounts for the authenticated user. In an application context, this helps ensure the user is authorized to see the account.",
            "in": "query",
            "name": "userId",
            "required": false,
            "schema": {
              "$ref": "#/components/schemas/userId"
            }
          }
        ],
        "responses": {
          "200": {
            "content": {
              "application/json": {
                "schema": {
                  "$ref": "#/components/schemas/accountResponse"
                }
              }
            },
            "description": "Successfully retrieved the account."
          },
          "400": {
            "$ref": "#/components/responses/400missingusercontext"
          },
          "401": {
            "$ref": "#/components/responses/401unauthorized"
          },
          "403": {
            "$ref": "#/components/responses/403forbidden"
          },
          "404": {
            "$ref": "#/components/responses/404notfound"
          }
        },
        "tags": [
          "context-banking",
          "party-consumer",
          "resource-accounts"
        ]
      },
      "put": {
        "deprecated": true,
        "description": "Updates a specific account by ID.",
        "operationId": "put-accounts-by-id",
        "parameters": [
          {
            "description": "The ID of the account to update.",
            "in": "path",
            "name": "id",
            "required": true,
            "schema": {
              "$ref": "#/components/schemas/accountId"
            }
          }
        ],
        "requestBody": {
          "content": {
            "application/json": {
              "schema": {
                "$ref": "#/components/schemas/accountUpsert"
              }
            }
          },
          "description": "The data with which the account should be updated."
        },
        "responses": {
          "200": {
            "content": {
              "application/json": {
                "schema": {
                  "$ref": "#/components/schemas/accountResponse"
                }
              }
            },
            "description": "Successfully updated the account."
          },
          "400": {
            "$ref": "#/components/responses/400badrequest"
          },
          "401": {
            "$ref": "#/components/responses/401unauthorized"
          },
          "403": {
            "$ref": "#/components/responses/403forbidden"
          },
          "404": {
            "$ref": "#/components/responses/404notfound"
          },
          "422": {
            "description": "The account provided in the request didn't have enough information to uniquely identify it. For example, accounts generally need account type, account number, and a third piece like RTN. Requests must include enough information to uniquely identify the account before a mapping can be established."
          }
        },
        "tags": [
          "context-banking",
          "party-supplier",
          "resource-accounts"
        ]
      }
    },
    "/banking/v1/accounts/{id}/balances": {
      "get": {
        "deprecated": true,
        "description": "Gets the balances associated with a specific account.",
        "operationId": "get-balances-by-account",
        "parameters": [
          {
            "description": "The ID of the account for which balances should be retrieved.",
            "in": "path",
            "name": "id",
            "required": true,
            "schema": {
              "$ref": "#/components/schemas/accountId"
            }
          },
          {
            "description": "The user for whom balances should be retrieved. When omitted, the operation will retrieve balances for the authenticated user. In an application context, this helps ensure the user is authorized to see the balances.",
            "in": "query",
            "name": "userId",
            "required": false,
            "schema": {
              "$ref": "#/components/schemas/userId"
            }
          }
        ],
        "responses": {
          "200": {
            "content": {
              "application/json": {
                "schema": {
                  "items": {
                    "$ref": "#/components/schemas/balance"
                  },
                  "type": "array"
                }
              }
            },
            "description": "Successfully retrieved the balances for the account."
          },
          "400": {
            "$ref": "#/components/responses/400missingusercontext"
          },
          "401": {
            "$ref": "#/components/responses/401unauthorized"
          },
          "403": {
            "$ref": "#/components/responses/403forbidden"
          },
          "404": {
            "$ref": "#/components/responses/404notfound"
          }
        },
        "tags": [
          "context-banking",
          "party-consumer",
          "resource-balances"
        ]
      }
    },
    "/banking/v1/accounts/{id}/products": {
      "get": {
        "deprecated": true,
        "description": "Gets the products associated with a specific account.",
        "operationId": "get-products-by-account",
        "parameters": [
          {
            "description": "The ID of the account for which products should be retrieved.",
            "in": "path",
            "name": "id",
            "required": true,
            "schema": {
              "$ref": "#/components/schemas/accountId"
            }
          },
          {
            "description": "The user for whom products should be retrieved. When omitted, the operation will retrieve products for the authenticated user. In an application context, this helps ensure the user is authorized to see the products.",
            "in": "query",
            "name": "userId",
            "required": false,
            "schema": {
              "$ref": "#/components/schemas/userId"
            }
          }
        ],
        "responses": {
          "200": {
            "content": {
              "application/json": {
                "schema": {
                  "items": {
                    "$ref": "#/components/schemas/productResponse"
                  },
                  "type": "array"
                }
              }
            },
            "description": "Successfully retrieved the products for the account."
          },
          "400": {
            "$ref": "#/components/responses/400missingusercontext"
          },
          "401": {
            "$ref": "#/components/responses/401unauthorized"
          },
          "403": {
            "$ref": "#/components/responses/403forbidden"
          },
          "404": {
            "$ref": "#/components/responses/404notfound"
          }
        },
        "tags": [
          "context-banking",
          "party-consumer",
          "resource-products"
        ]
      },
      "put": {
        "deprecated": true,
        "description": "Updates the products associated with a specific account.",
        "operationId": "put-products-by-account",
        "parameters": [
          {
            "description": "The ID of the account for which products should be updated.",
            "in": "path",
            "name": "id",
            "required": true,
            "schema": {
              "$ref": "#/components/schemas/accountId"
            }
          }
        ],
        "requestBody": {
          "content": {
            "application/json": {
              "schema": {
                "items": {
                  "$ref": "#/components/schemas/productBase"
                },
                "type": "array"
              }
            }
          }
        },
        "responses": {
          "200": {
            "content": {
              "application/json": {
                "schema": {
                  "items": {
                    "$ref": "#/components/schemas/productResponse"
                  },
                  "type": "array"
                }
              }
            },
            "description": "Successfully updated the products for the account."
          },
          "400": {
            "$ref": "#/components/responses/400badrequest"
          },
          "401": {
            "$ref": "#/components/responses/401unauthorized"
          },
          "403": {
            "$ref": "#/components/responses/403forbidden"
          },
          "404": {
            "$ref": "#/components/responses/404notfound"
          }
        },
        "tags": [
          "context-banking",
          "party-supplier",
          "resource-products"
        ]
      }
    },
    "/banking/v1/accounts/{id}/transactions": {
      "get": {
        "deprecated": true,
        "description": "Gets the transactions for a specific account.",
        "operationId": "get-transactions-by-account",
        "parameters": [
          {
            "description": "The ID of the account for which transactions should be retrieved.",
            "in": "path",
            "name": "id",
            "required": true,
            "schema": {
              "$ref": "#/components/schemas/accountId"
            }
          },
          {
            "description": "The user for whom transactions should be retrieved. When omitted, the operation will retrieve transactions for the authenticated user. In an application context, this helps ensure the user is authorized to see the transactions.",
            "in": "query",
            "name": "userId",
            "required": false,
            "schema": {
              "$ref": "#/components/schemas/userId"
            }
          }
        ],
        "responses": {
          "200": {
            "content": {
              "application/json": {
                "schema": {
                  "items": {
                    "$ref": "#/components/schemas/transaction"
                  },
                  "type": "array"
                }
              }
            },
            "description": "Successfully retrieved the set of transactions."
          },
          "401": {
            "$ref": "#/components/responses/401unauthorized"
          },
          "403": {
            "$ref": "#/components/responses/403forbidden"
          },
          "404": {
            "$ref": "#/components/responses/404notfound"
          }
        },
        "tags": [
          "context-banking",
          "party-consumer",
          "resource-transactions"
        ]
      }
    },
    "/consumer/banking/v1/accounts": {
      "get": {
        "description": "Gets all the accounts for a user.",
        "operationId": "consumer-banking-get-accounts",
        "parameters": [
          {
            "description": "The user for whom accounts should be retrieved. When omitted, the operation will retrieve accounts for the authenticated user.",
            "in": "query",
            "name": "userId",
            "required": false,
            "schema": {
              "$ref": "#/components/schemas/userId"
            }
          }
        ],
        "responses": {
          "200": {
            "content": {
              "application/json": {
                "schema": {
                  "items": {
                    "$ref": "#/components/schemas/accountResponse"
                  },
                  "type": "array"
                }
              }
            },
            "description": "Successfully retrieved the set of accounts."
          },
          "400": {
            "$ref": "#/components/responses/400missingusercontext"
          },
          "401": {
            "$ref": "#/components/responses/401unauthorized"
          },
          "403": {
            "$ref": "#/components/responses/403forbidden"
          }
        },
        "tags": [
          "context-banking",
          "party-consumer",
          "resource-accounts"
        ]
      }
    },
    "/consumer/banking/v1/accounts/{id}": {
      "get": {
        "description": "Gets a specific account by ID.",
        "operationId": "consumer-banking-get-accounts-by-id",
        "parameters": [
          {
            "description": "The ID of the account to retrieve.",
            "in": "path",
            "name": "id",
            "required": true,
            "schema": {
              "$ref": "#/components/schemas/accountId"
            }
          },
          {
            "description": "The user for whom the account is being retrieved. When omitted, the operation will retrieve accounts for the authenticated user. In an application context, this helps ensure the user is authorized to see the account.",
            "in": "query",
            "name": "userId",
            "required": false,
            "schema": {
              "$ref": "#/components/schemas/userId"
            }
          }
        ],
        "responses": {
          "200": {
            "content": {
              "application/json": {
                "schema": {
                  "$ref": "#/components/schemas/accountResponse"
                }
              }
            },
            "description": "Successfully retrieved the account."
          },
          "400": {
            "$ref": "#/components/responses/400missingusercontext"
          },
          "401": {
            "$ref": "#/components/responses/401unauthorized"
          },
          "403": {
            "$ref": "#/components/responses/403forbidden"
          },
          "404": {
            "$ref": "#/components/responses/404notfound"
          }
        },
        "tags": [
          "context-banking",
          "party-consumer",
          "resource-accounts"
        ]
      }
    },
    "/consumer/banking/v1/accounts/{id}/balances": {
      "get": {
        "description": "Gets the balances associated with a specific account.",
        "operationId": "consumer-banking-get-balances-by-account",
        "parameters": [
          {
            "description": "The ID of the account for which balances should be retrieved.",
            "in": "path",
            "name": "id",
            "required": true,
            "schema": {
              "$ref": "#/components/schemas/accountId"
            }
          },
          {
            "description": "The user for whom balances should be retrieved. When omitted, the operation will retrieve balances for the authenticated user. In an application context, this helps ensure the user is authorized to see the balances.",
            "in": "query",
            "name": "userId",
            "required": false,
            "schema": {
              "$ref": "#/components/schemas/userId"
            }
          }
        ],
        "responses": {
          "200": {
            "content": {
              "application/json": {
                "schema": {
                  "items": {
                    "$ref": "#/components/schemas/balance"
                  },
                  "type": "array"
                }
              }
            },
            "description": "Successfully retrieved the balances for the account."
          },
          "400": {
            "$ref": "#/components/responses/400missingusercontext"
          },
          "401": {
            "$ref": "#/components/responses/401unauthorized"
          },
          "403": {
            "$ref": "#/components/responses/403forbidden"
          },
          "404": {
            "$ref": "#/components/responses/404notfound"
          }
        },
        "tags": [
          "context-banking",
          "party-consumer",
          "resource-balances"
        ]
      }
    },
    "/consumer/banking/v1/accounts/{id}/products": {
      "get": {
        "description": "Gets the products associated with a specific account.",
        "operationId": "consumer-banking-get-products-by-account",
        "parameters": [
          {
            "description": "The ID of the account for which products should be retrieved.",
            "in": "path",
            "name": "id",
            "required": true,
            "schema": {
              "$ref": "#/components/schemas/accountId"
            }
          },
          {
            "description": "The user for whom products should be retrieved. When omitted, the operation will retrieve products for the authenticated user. In an application context, this helps ensure the user is authorized to see the products.",
            "in": "query",
            "name": "userId",
            "required": false,
            "schema": {
              "$ref": "#/components/schemas/userId"
            }
          }
        ],
        "responses": {
          "200": {
            "content": {
              "application/json": {
                "schema": {
                  "items": {
                    "$ref": "#/components/schemas/productResponse"
                  },
                  "type": "array"
                }
              }
            },
            "description": "Successfully retrieved the products for the account."
          },
          "400": {
            "$ref": "#/components/responses/400missingusercontext"
          },
          "401": {
            "$ref": "#/components/responses/401unauthorized"
          },
          "403": {
            "$ref": "#/components/responses/403forbidden"
          },
          "404": {
            "$ref": "#/components/responses/404notfound"
          }
        },
        "tags": [
          "context-banking",
          "party-consumer",
          "resource-products"
        ]
      }
    },
    "/consumer/banking/v1/accounts/{id}/transactions": {
      "get": {
        "description": "Gets the transactions for a specific account.",
        "operationId": "consumer-banking-get-transactions-by-account",
        "parameters": [
          {
            "description": "An optional OData (https://www.odata.org/odata-services/) query for searching/filtering transactions.",
            "examples": {
              "amount filter": {
                "value": "amount/value gt 1000"
              },
              "creditDebitIndicator filter": {
                "value": "creditDebitIndicator eq 'debit'"
              },
              "customerReferenceNumber filter": {
                "value": "endswith(customerReferenceNumber, '01234')"
              },
              "description filter": {
                "value": "contains(toLower(description),'gas')"
              },
              "effectiveDateTime filter": {
                "value": "effectiveDateTime ge 2022-12-01T00:00:00.000Z and effectiveDateTime le 2023-01-05T00:00:00.000Z"
              },
              "postedDateTime filter": {
                "value": "month(postedDateTime) eq 12 and day(postedDateTime) gt 15"
              },
              "status filter": {
                "value": "status eq 'pending'"
              },
              "transactionCode filter": {
                "value": "transactionCode/code eq 'PMNT'"
              }
            },
            "in": "query",
            "name": "$filter",
            "required": false,
            "schema": {
              "type": "string"
            }
          },
          {
            "description": "An optional OData (https://www.odata.org/odata-services/) parameter to skip specified number (n) of entries from the collection of transactions and selecting only the remaining entries (starting with entry n+1). If a value less than zero is specified, the URI would be considered malformed.",
            "example": 10,
            "in": "query",
            "name": "$skip",
            "required": false,
            "schema": {
              "default": 0,
              "type": "integer"
            }
          },
          {
            "description": "An optional OData (https://www.odata.org/odata-services/) parameter to select only a subset (first n) of transaction entries from the collection of transactions. If a value less than zero is specified, the URI would be considered malformed.",
            "example": 25,
            "in": "query",
            "name": "$top",
            "required": false,
            "schema": {
              "type": "integer"
            }
          },
          {
            "description": "The ID of the account for which transactions should be retrieved.",
            "in": "path",
            "name": "id",
            "required": true,
            "schema": {
              "$ref": "#/components/schemas/accountId"
            }
          },
          {
            "description": "The user for whom transactions should be retrieved. When omitted, the operation will retrieve transactions for the authenticated user. In an application context, this helps ensure the user is authorized to see the transactions.",
            "in": "query",
            "name": "userId",
            "required": false,
            "schema": {
              "$ref": "#/components/schemas/userId"
            }
          }
        ],
        "responses": {
          "200": {
            "content": {
              "application/json": {
                "schema": {
                  "items": {
                    "$ref": "#/components/schemas/transaction"
                  },
                  "type": "array"
                }
              }
            },
            "description": "Successfully retrieved the set of transactions."
          },
          "401": {
            "$ref": "#/components/responses/401unauthorized"
          },
          "403": {
            "$ref": "#/components/responses/403forbidden"
          },
          "404": {
            "$ref": "#/components/responses/404notfound"
          }
        },
        "tags": [
          "context-banking",
          "party-consumer",
          "resource-transactions"
        ]
      }
    },
    "/supplier/banking/v1/accounts": {
      "put": {
        "description": "Upserts an account in the system. Establishes a link between account data in an external client and account data in the service.",
        "operationId": "supplier-banking-put-accounts",
        "requestBody": {
          "content": {
            "application/json": {
              "schema": {
                "$ref": "#/components/schemas/accountUpsert"
              }
            }
          },
          "description": "The account with all available data from the client to which a relationship should be established. The service will look at account number, account type, and other values (like RTN in the list of alternate identifiers) to try and match an account in the system. Data provided here will update/overwrite any existing data for the account that might be in the service. Do not provide the ID for the account; that will be matched and returned to you in the response."
        },
        "responses": {
          "200": {
            "content": {
              "application/json": {
                "schema": {
                  "$ref": "#/components/schemas/accountResponse"
                }
              }
            },
            "description": "Successfully created/updated the account."
          },
          "400": {
            "$ref": "#/components/responses/400badrequest"
          },
          "401": {
            "$ref": "#/components/responses/401unauthorized"
          },
          "403": {
            "$ref": "#/components/responses/403forbidden"
          },
          "422": {
            "description": "The account provided in the request didn't have enough information to uniquely identify it. For example, accounts generally need account type, account number, and a third piece like RTN. Requests must include enough information to uniquely identify the account before a mapping can be established."
          }
        },
        "tags": [
          "context-banking",
          "party-supplier",
          "resource-accounts"
        ]
      }
    },
    "/supplier/banking/v1/accounts/search": {
      "post": {
        "description": "Searches for accounts based on alternate identifiers and attributes.",
        "operationId": "supplier-banking-post-accounts-search",
        "parameters": [
          {
            "description": "The user for whom accounts should be searched. When acting as an application (no user context) this parameter can be used to imply a user context and filter the set of returned accounts based on what the user is allowed to see.",
            "in": "query",
            "name": "userId",
            "required": false,
            "schema": {
              "$ref": "#/components/schemas/userId"
            }
          }
        ],
        "requestBody": {
          "content": {
            "application/json": {
              "example": {
                "accountType": "CHECKING",
                "alternateIdentifiers": [
                  {
                    "id": "120220330",
                    "scheme": "RTN"
                  }
                ],
                "number": "11293846231746"
              },
              "schema": {
                "$ref": "#/components/schemas/accountSearch"
              }
            }
          },
          "description": "Criteria for locating accounts in the system. All provided fields will be used to match over using an AND operation - more criteria means more precise matches. Generally an account can be uniquely identified by account type, account number, and a third piece like RTN. If no matches are found, the resulting array will be empty."
        },
        "responses": {
          "200": {
            "content": {
              "application/json": {
                "schema": {
                  "items": {
                    "$ref": "#/components/schemas/accountResponse"
                  },
                  "type": "array"
                }
              }
            },
            "description": "Successfully completed the search operation - zero or more found accounts returned."
          },
          "400": {
            "$ref": "#/components/responses/400badrequest"
          },
          "401": {
            "$ref": "#/components/responses/401unauthorized"
          },
          "403": {
            "$ref": "#/components/responses/403forbidden"
          }
        },
        "tags": [
          "context-banking",
          "party-supplier",
          "resource-accounts"
        ]
      }
    },
    "/supplier/banking/v1/accounts/{id}": {
      "put": {
        "description": "Updates a specific account by ID.",
        "operationId": "banking-supplier-put-accounts-by-id",
        "parameters": [
          {
            "description": "The ID of the account to update.",
            "in": "path",
            "name": "id",
            "required": true,
            "schema": {
              "$ref": "#/components/schemas/accountId"
            }
          }
        ],
        "requestBody": {
          "content": {
            "application/json": {
              "schema": {
                "$ref": "#/components/schemas/accountUpsert"
              }
            }
          },
          "description": "The data with which the account should be updated."
        },
        "responses": {
          "200": {
            "content": {
              "application/json": {
                "schema": {
                  "$ref": "#/components/schemas/accountResponse"
                }
              }
            },
            "description": "Successfully updated the account."
          },
          "400": {
            "$ref": "#/components/responses/400badrequest"
          },
          "401": {
            "$ref": "#/components/responses/401unauthorized"
          },
          "403": {
            "$ref": "#/components/responses/403forbidden"
          },
          "404": {
            "$ref": "#/components/responses/404notfound"
          },
          "422": {
            "description": "The account provided in the request didn't have enough information to uniquely identify it. For example, accounts generally need account type, account number, and a third piece like RTN. Requests must include enough information to uniquely identify the account before a mapping can be established."
          }
        },
        "tags": [
          "context-banking",
          "party-supplier",
          "resource-accounts"
        ]
      }
    },
    "/supplier/banking/v1/accounts/{id}/products": {
      "put": {
        "description": "Updates the products associated with a specific account.",
        "operationId": "supplier-banking-put-products-by-account",
        "parameters": [
          {
            "description": "The ID of the account for which products should be updated.",
            "in": "path",
            "name": "id",
            "required": true,
            "schema": {
              "$ref": "#/components/schemas/accountId"
            }
          }
        ],
        "requestBody": {
          "content": {
            "application/json": {
              "schema": {
                "items": {
                  "$ref": "#/components/schemas/productBase"
                },
                "type": "array"
              }
            }
          }
        },
        "responses": {
          "200": {
            "content": {
              "application/json": {
                "schema": {
                  "items": {
                    "$ref": "#/components/schemas/productResponse"
                  },
                  "type": "array"
                }
              }
            },
            "description": "Successfully updated the products for the account."
          },
          "400": {
            "$ref": "#/components/responses/400badrequest"
          },
          "401": {
            "$ref": "#/components/responses/401unauthorized"
          },
          "403": {
            "$ref": "#/components/responses/403forbidden"
          },
          "404": {
            "$ref": "#/components/responses/404notfound"
          }
        },
        "tags": [
          "context-banking",
          "party-supplier",
          "resource-products"
        ]
      }
    }
  },
  "security": [
    {
      "bearerAuth": [
      ]
    }
  ],
  "servers": [
    {
      "description": "Fiserv API",
      "url": "https://api.fiserv.com"
    }
  ],
  "tags": [
    {
      "description": "Banking bounded context.",
      "name": "context-banking"
    },
    {
      "description": "Consumer/client application operations.",
      "name": "party-consumer"
    },
    {
      "description": "Data supplier operations.",
      "name": "party-supplier"
    },
    {
      "description": "Account-related operations.",
      "name": "resource-accounts"
    },
    {
      "description": "Balances associated with accounts.",
      "name": "resource-balances"
    },
    {
      "description": "Metadata about the type of account and the associated banking products. Future versions may include concepts like interest rates, loan data, and other information. See https://openbankinguk.github.io/read-write-api-site3/v3.1.4/resources-and-data-models/aisp/Products.html for additional ideas.",
      "name": "resource-products"
    },
    {
      "description": "Transactions associated with accounts.",
      "name": "resource-transactions"
    }
  ],
  "x-apigee-proxy": {
    "postflow": {
      "response": [
        {
          "name": "Response-Header-Update"
        }
      ]
    },
    "preflow": {
      "request": [
        {
          "name": "Get-Public-JWT-Key"
        },
        {
          "name": "Verify-JWT"
        },
        {
          "name": "Request-Header-Update"
        }
      ]
    }
  }
}
