<?xml version="1.0" encoding="UTF-8" standalone="yes"?>
<SharedFlow name="default">
    <Step>
        <!-- If the service_host variable is set update the header value (overwrite anything from the client). -->
        <Name>Add-Service-Host-Header</Name>
        <Condition>service_host isNot null</Condition>
    </Step>
    <Step>
        <!-- If the service_host variable isn't set, don't let the Service-Host header through from the client. -->
        <Name>Stop-Client-Specifying-Service-Host</Name>
        <Condition>service_host is null</Condition>
    </Step>
</SharedFlow>