{
  "$schema": "http://json.schemastore.org/dotnetcli.host",
  "symbolInfo": {
    "AnalysisRuleset": {
      "longName": "analysis-ruleset",
      "shortName": ""
    },
    "Framework": {
      "longName": "framework",
      "shortName": ""
    },
    "HttpPort": {
      "isHidden": true
    },
    "HttpsPort": {
      "isHidden": true
    },
    "ManagementPort": {
      "isHidden": true
    },
    "NoCodeAnalysis": {
      "longName": "no-codeanalysis",
      "shortName": ""
    },
    "NoHttps": {
      "longName": "no-https",
      "shortName": ""
    },
    "SkipRestore": {
      "longName": "no-restore",
      "shortName": ""
    },
    "StyleCopJson": {
      "longName": "stylecop-json",
      "shortName": ""
    }
  },
  "usageExamples": [
    ""
  ]
}
