{
  "$schema": "http://json.schemastore.org/template",
  "author": "Fiserv",
  "classifications": [
    "Web",
    "WebAPI"
  ],
  "defaultName": "Microservice1",
  "identity": "Fiserv.DotNet.Templates.Microservice",
  "name": "Fiserv Microservice",
  "postActions": [
    {
      "actionId": "210D431B-A78B-4D2F-B762-4ED3E3EA9025",
      "condition": "(!SkipRestore)",
      "continueOnError": true,
      "description": "Restore NuGet packages required by this project.",
      "manualInstructions": [
        {
          "text": "Run 'dotnet restore'"
        }
      ]
    }
  ],
  "precedence": "5000",
  "preferNameDirectory": true,
  "primaryOutputs": [
    {
      "path": "Microservice.Template.csproj"
    }
  ],
  "shortName": "fiserv-microservice",
  "sourceName": "Microservice.Template",
  "specialCustomOperations": {
    "**/*.json": {
      "operations": [
        {
          "configuration": {
            "actionableElse": [
              "//#else"
            ],
            "actionableElseif": [
              "//#elif"
            ],
            "actionableIf": [
              "//#if"
            ],
            "actions": [
              "pseudoComment"
            ],
            "endif": [
              "//#endif"
            ],
            "trim": "true",
            "wholeLine": "true"
          },
          "type": "conditional"
        },
        {
          "configuration": {
            "id": "pseudoComment",
            "original": "///",
            "replacement": ""
          },
          "type": "replacement"
        }
      ]
    }
  },
  "symbols": {
    "AnalysisRuleset": {
      "datatype": "string",
      "defaultValue": "../../build/Source.ruleset",
      "description": "Location of the code analysis ruleset for product source if code analysis is enabled. (See NoCodeAnalysis to disable analyzers.)",
      "replaces": "${AnalysisRuleset}",
      "type": "parameter"
    },
    "Framework": {
      "choices": [
        {
          "choice": "net6.0",
          "description": "Target net6.0"
        }
      ],
      "datatype": "choice",
      "defaultValue": "net6.0",
      "description": "The target framework for the project.",
      "replaces": "net6.0",
      "type": "parameter"
    },
    "HttpPort": {
      "datatype": "integer",
      "description": "Port number to use for the HTTP endpoint in launchSettings.json.",
      "type": "parameter"
    },
    "HttpPortGenerated": {
      "generator": "port",
      "type": "generated"
    },
    "HttpPortReplacer": {
      "generator": "coalesce",
      "parameters": {
        "fallbackVariableName": "HttpPortGenerated",
        "sourceVariableName": "HttpPort"
      },
      "replaces": "8080",
      "type": "generated"
    },
    "HttpsPort": {
      "datatype": "integer",
      "description": "Port number to use for the HTTPS endpoint in launchSettings.json. This will be ignored if RequiresHttps is false.",
      "type": "parameter"
    },
    "HttpsPortGenerated": {
      "generator": "port",
      "parameters": {
        "high": 44399,
        "low": 44300
      },
      "type": "generated"
    },
    "HttpsPortReplacer": {
      "generator": "coalesce",
      "parameters": {
        "fallbackVariableName": "HttpsPortGenerated",
        "sourceVariableName": "HttpsPort"
      },
      "replaces": "44300",
      "type": "generated"
    },
    "ManagementPort": {
      "datatype": "integer",
      "description": "Port number to use for health checks.",
      "type": "parameter"
    },
    "ManagementPortGenerated": {
      "generator": "port",
      "type": "generated"
    },
    "ManagementPortReplacer": {
      "generator": "coalesce",
      "parameters": {
        "fallbackVariableName": "ManagementPortGenerated",
        "sourceVariableName": "ManagementPort"
      },
      "replaces": "8081",
      "type": "generated"
    },
    "NoCodeAnalysis": {
      "datatype": "bool",
      "defaultValue": "false",
      "description": "Whether or not Roslyn analyzers are added to the microservice. Specifying this removes Roslyn analyzers; otherwise analyzers will be present. See the AnalysisRuleset parameter to indicate where your ruleset is if it's not at the default location.",
      "type": "parameter"
    },
    "NoEntityFramework": {
      "datatype": "bool",
      "defaultValue": "false",
      "description": "Whether or not Entity Framework Core is wired up in the microservice. Specifying this removes EF Core and sample items that use it; otherwise EF Core will be present.",
      "type": "parameter"
    },
    "NoHttps": {
      "datatype": "bool",
      "defaultValue": "false",
      "description": "Whether or not HTTPS is used in the microservice. Specifying this disables HTTPS; otherwise HTTP will redirect to HTTPS and listener ports will be set up.",
      "type": "parameter"
    },
    "SkipRestore": {
      "datatype": "bool",
      "defaultValue": "false",
      "description": "If specified, skips the automatic restore of the project on create.",
      "type": "parameter"
    },
    "StyleCopJson": {
      "datatype": "string",
      "defaultValue": "../../build/stylecop.json",
      "description": "Location of the stylecop.json that configures StyleCop settings if code analysis is enabled. (See NoCodeAnalysis to disable analyzers.)",
      "replaces": "${StyleCopJson}",
      "type": "parameter"
    }
  },
  "tags": {
    "language": "C#",
    "type": "project"
  }
}
