<?xml version="1.0" encoding="UTF-8" standalone="yes"?>
<SharedFlowBundle revision="1" name="dsl-request-headers">
    <Description>Modifies request headers before calling the target microservice.</Description>
    <DisplayName>DSL Request Header Updates</DisplayName>
    <Policies>
        <Policy>Add-Service-Host-Header</Policy>
        <Policy>Stop-Client-Specifying-Service-Host</Policy>
    </Policies>
    <subType>SharedFlow</subType>
    <SharedFlows>
        <SharedFlow>default</SharedFlow>
    </SharedFlows>
</SharedFlowBundle>
