<?xml version="1.0" encoding="UTF-8" standalone="yes"?>
<KeyValueMapOperations async="false" continueOnError="false" enabled="true" name="Get-Public-JWT-Key" mapIdentifier="dsl-jwt" encrypted="false">
    <DisplayName>Get Public JWT Key</DisplayName>
    <FaultRules/>
    <Properties/>
    <ExclusiveCache>false</ExclusiveCache>
    <ExpiryTimeInSecs>15</ExpiryTimeInSecs>
    <InitialEntries/>
    <Get assignTo="public.publickey">
        <Key>
            <Parameter>public-key</Parameter>
        </Key>
    </Get>
    <Scope>environment</Scope>
</KeyValueMapOperations>
