{
  "$schema": "http://json.schemastore.org/template",
  "author": "Fiserv",
  "classifications": [
    "Test",
    "xUnit"
  ],
  "defaultName": "TestProject1",
  "identity": "Fiserv.DotNet.Templates.UnitTest",
  "name": "Fiserv Unit Test Project",
  "postActions": [
    {
      "actionId": "210D431B-A78B-4D2F-B762-4ED3E3EA9025",
      "condition": "(!SkipRestore)",
      "continueOnError": true,
      "description": "Restore NuGet packages required by this project.",
      "manualInstructions": [
        {
          "text": "Run 'dotnet restore'"
        }
      ]
    }
  ],
  "precedence": "3000",
  "preferNameDirectory": true,
  "primaryOutputs": [
    {
      "path": "UnitTest.Template.csproj"
    }
  ],
  "shortName": "fiserv-unittest",
  "sourceName": "UnitTest.Template",
  "symbols": {
    "AnalysisRuleset": {
      "datatype": "string",
      "defaultValue": "../../build/Test.ruleset",
      "description": "Location of the code analysis ruleset for test source if code analysis is enabled. (See NoCodeAnalysis to disable analyzers.)",
      "replaces": "${AnalysisRuleset}",
      "type": "parameter"
    },
    "Framework": {
      "choices": [
        {
          "choice": "netcoreapp3.1",
          "description": "Target netcoreapp3.1"
        }
      ],
      "datatype": "choice",
      "defaultValue": "netcoreapp3.1",
      "description": "The target framework for the project.",
      "replaces": "netcoreapp3.1",
      "type": "parameter"
    },
    "NoCodeAnalysis": {
      "datatype": "bool",
      "defaultValue": "false",
      "description": "Whether or not Roslyn analyzers are added to the microservice. Specifying this removes Roslyn analyzers; otherwise analyzers will be present. See the AnalysisRuleset parameter to indicate where your ruleset is if it's not at the default location.",
      "type": "parameter"
    },
    "SkipRestore": {
      "datatype": "bool",
      "defaultValue": "false",
      "description": "If specified, skips the automatic restore of the project on create.",
      "type": "parameter"
    },
    "StyleCopJson": {
      "datatype": "string",
      "defaultValue": "../../build/stylecop.json",
      "description": "Location of the stylecop.json that configures StyleCop settings if code analysis is enabled. (See NoCodeAnalysis to disable analyzers.)",
      "replaces": "${StyleCopJson}",
      "type": "parameter"
    }
  },
  "tags": {
    "language": "C#",
    "type": "project"
  }
}
