{
  "canaryConfig": {
    "applications": [
      "app"
    ],
    "classifier": {
      "groupWeights": {
        "StatusCodes": 100
      },
      "scoreThresholds": {
        "marginal": 75,
        "pass": 75
      }
    },
    "configVersion": "1",
    "description": "App Canary Configuration",
    "judge": {
      "judgeConfigurations": {
      },
      "name": "NetflixACAJudge-v1.0"
    },
    "metrics": [
      {
        "analysisConfigurations": {
          "canary": {
            "direction": "increase",
            "nanStrategy": "replace"
          }
        },
        "groups": [
          "StatusCodes"
        ],
        "name": "Errors By Controller",
        "query": {
          "customInlineTemplate": "PromQL:sum(increase(http_requests_received_total{app='##SERVICE##',azure_pipelines_version='${location}',code=~'5\\\\d\\\\d|4\\\\d\\\\d'}[##LOAD_TEST_DURATION##m])) by (action)",
          "scopeName": "default",
          "serviceType": "prometheus",
          "type": "prometheus"
        },
        "scopeName": "default"
      }
    ],
    "name": "app-config",
    "templates": {
    }
  },
  "executionRequest": {
    "scopes": {
      "default": {
        "controlScope": {
          "end": "##END_DATE_TIME##",
          "location": "baseline",
          "scope": "control",
          "start": "##START_DATE_TIME##",
          "step": 2
        },
        "experimentScope": {
          "end": "##END_DATE_TIME##",
          "location": "canary",
          "scope": "experiment",
          "start": "##START_DATE_TIME##",
          "step": 2
        }
      }
    },
    "siteLocal": {
    },
    "thresholds": {
      "marginal": 75,
      "pass": 95
    }
  }
}
