{
  "$schema": "http://json.schemastore.org/template",
  "author": "Fiserv",
  "classifications": [
    "Infrastructure"
  ],
  "defaultName": "terraform-provider-component",
  "forms": {
    "dashToUnderscore": {
      "identifier": "replace",
      "pattern": "-+",
      "replacement": "_"
    },
    "kebabCase": {
      "identifier": "chain",
      "steps": [
        "pascalToDashes",
        "underscoreToDash",
        "trimLeadingDash",
        "lowerCase"
      ]
    },
    "pascalToDashes": {
      "identifier": "replace",
      "pattern": "(\\p{Lu}+)",
      "replacement": "-$1"
    },
    "pascalToUnderscores": {
      "identifier": "replace",
      "pattern": "(\\p{Lu}+)",
      "replacement": "_$1"
    },
    "snakeCase": {
      "identifier": "chain",
      "steps": [
        "pascalToUnderscores",
        "dashToUnderscore",
        "trimLeadingUnderscore",
        "lowerCase"
      ]
    },
    "trimLeadingDash": {
      "identifier": "replace",
      "pattern": "^-+",
      "replacement": ""
    },
    "trimLeadingUnderscore": {
      "identifier": "replace",
      "pattern": "^_+",
      "replacement": ""
    },
    "underscoreToDash": {
      "identifier": "replace",
      "pattern": "_+",
      "replacement": "-"
    }
  },
  "identity": "Fiserv.DotNet.Templates.TerraformModule",
  "name": "Fiserv Terraform Module",
  "precedence": "100",
  "primaryOutputs": [
    {
      "path": "main.tf"
    },
    {
      "path": "outputs.tf"
    },
    {
      "path": "variables.tf"
    }
  ],
  "shortName": "fiserv-terraform",
  "sourceName": "TerraformModule.Template",
  "sources": [
    {
      "rename": {
        "editorconfig": ".editorconfig",
        "gitignore": ".gitignore"
      }
    }
  ],
  "symbols": {
    "KebabModuleName": {
      "description": "Kebab-case version of the module name.",
      "forms": {
        "global": [
          "identity",
          "kebabCase"
        ]
      },
      "replaces": "terraform-module-name",
      "type": "derived",
      "valueSource": "name",
      "valueTransform": "identity"
    },
    "SnakeModuleName": {
      "description": "Snake-case version of the module name.",
      "forms": {
        "global": [
          "identity",
          "snakeCase"
        ]
      },
      "replaces": "terraform_module_name",
      "type": "derived",
      "valueSource": "name",
      "valueTransform": "identity"
    }
  },
  "tags": {
    "language": "HCL",
    "type": "project"
  }
}
