{
  "$schema": "http://json.schemastore.org/template",
  "author": "Fiserv",
  "classifications": [
    "Config"
  ],
  "defaultName": ".editorconfig",
  "identity": "Fiserv.DotNet.Templates.EditorConfig",
  "name": "Fiserv EditorConfig",
  "precedence": "100",
  "primaryOutputs": [
    {
      "path": ".editorconfig"
    }
  ],
  "shortName": "fiserv-editorconfig",
  "sourceName": "unused",
  "sources": [
    {
      "rename": {
        "editorconfig": ".editorconfig"
      }
    }
  ],
  "tags": {
    "type": "item"
  }
}
